tx_id,cliente_id,fecha,monto_clp,tipo,categoria,comercio,aprobada
TX00001,112,2024-04-03,236630.0,Débito,Entretenimiento,Comercio_023,True
TX00002,107,2024-02-24,99415.0,Crédito,Restaurante,Comercio_025,True
TX00003,96,2024-08-17,7533.0,Débito,Electrónica,Comercio_010,True
TX00004,10,2024-10-20,229390.0,Crédito,Combustible,Comercio_049,True
TX00005,115,2025-09-22,1810.0,Débito,Supermercado,Comercio_017,True
TX00006,39,2025-07-15,235086.0,Transferencia,Viaje,Comercio_008,True
TX00007,61,2024-11-04,30901.0,Débito,Viaje,Comercio_041,False
TX00008,118,2024-03-05,28159.0,Crédito,Supermercado,Comercio_041,False
TX00009,148,2024-09-04,179777.0,Crédito,Viaje,Comercio_001,False
TX00010,91,2024-09-03,142881.0,Débito,Farmacia,Comercio_034,True
TX00011,18,2025-06-22,136248.0,Transferencia,Supermercado,Comercio_025,True
TX00012,12,2025-10-12,97027.0,Crédito,Ropa,Comercio_048,True
TX00013,92,2026-03-18,17356.0,Débito,Farmacia,Comercio_050,False
TX00014,189,2026-02-13,83463.0,Débito,Electrónica,Comercio_035,True
TX00015,165,2024-06-28,207681.0,Transferencia,Entretenimiento,Comercio_045,True
TX00016,162,2024-07-05,202969.0,Débito,Entretenimiento,Comercio_003,True
TX00017,52,2024-02-14,197882.0,Débito,Electrónica,Comercio_020,False
TX00018,102,2026-04-14,135986.0,Crédito,Supermercado,Comercio_049,True
TX00019,74,2024-12-31,215604.0,Débito,Electrónica,Comercio_018,True
TX00020,95,2025-03-23,222427.0,Transferencia,Entretenimiento,Comercio_025,True
TX00021,48,2025-05-23,173171.0,Crédito,Ropa,Comercio_006,True
TX00022,21,2025-03-16,150812.0,Débito,Ropa,Comercio_021,True
TX00023,21,2024-12-01,165399.0,Crédito,Entretenimiento,Comercio_039,True
TX00024,43,2025-12-07,111255.0,Crédito,Supermercado,Comercio_047,True
TX00025,158,2025-03-21,69002.0,Débito,Farmacia,Comercio_043,True
TX00026,94,2025-06-09,200373.0,Transferencia,Combustible,Comercio_002,True
TX00027,156,2025-11-25,195437.0,Débito,Combustible,Comercio_005,True
TX00028,200,2025-10-22,91899.0,Crédito,Supermercado,Comercio_039,True
TX00029,174,2025-04-05,237231.0,Crédito,Entretenimiento,Comercio_049,True
TX00030,147,2024-05-20,132600.0,Crédito,Electrónica,Comercio_042,True
TX00031,64,2024-04-26,6965.0,Débito,Entretenimiento,Comercio_034,True
TX00032,144,2024-04-30,65813.0,Crédito,Entretenimiento,Comercio_014,False
TX00033,74,2025-12-11,229161.0,Crédito,Restaurante,Comercio_008,True
TX00034,19,2025-04-07,43578.0,Transferencia,Entretenimiento,Comercio_006,True
TX00035,171,2024-12-21,177530.0,Transferencia,Ropa,Comercio_020,True
TX00036,183,2025-12-27,231867.0,Transferencia,Combustible,Comercio_024,False
TX00037,58,2024-05-04,246291.0,Débito,Restaurante,Comercio_032,True
TX00038,93,2025-07-21,143283.0,Crédito,Combustible,Comercio_040,True
TX00039,17,2024-11-12,99841.0,Transferencia,Entretenimiento,Comercio_034,True
TX00040,197,2025-02-23,205923.0,Débito,Combustible,Comercio_021,True
TX00041,116,2025-04-22,170187.0,Crédito,Combustible,Comercio_050,False
TX00042,164,2025-08-24,45900.0,Débito,Viaje,Comercio_033,True
TX00043,32,2025-06-14,38677.0,Débito,Combustible,Comercio_021,True
TX00044,89,2025-06-15,223784.0,Débito,Ropa,Comercio_013,False
TX00045,71,2024-05-08,156443.0,Transferencia,Farmacia,Comercio_033,True
TX00046,152,2025-08-17,38971.0,Transferencia,Electrónica,Comercio_037,True
TX00047,8,2024-03-24,11843.0,Transferencia,Ropa,Comercio_042,True
TX00048,197,2025-08-08,104438.0,Transferencia,Supermercado,Comercio_032,False
TX00049,75,2025-10-19,239184.0,Crédito,Restaurante,Comercio_044,True
TX00050,77,2025-04-09,18707.0,Débito,Combustible,Comercio_029,True
TX00051,124,2025-04-20,51404.0,Transferencia,Combustible,Comercio_021,True
TX00052,188,2026-05-31,86670.0,Crédito,Combustible,Comercio_049,True
TX00053,132,2025-07-29,26993.0,Débito,Entretenimiento,Comercio_008,True
TX00054,116,2024-09-10,35649.0,Débito,Ropa,Comercio_025,False
TX00055,108,2024-09-11,240690.0,Débito,Electrónica,Comercio_037,True
TX00056,49,2026-02-20,40256.0,Transferencia,Entretenimiento,Comercio_032,True
TX00057,128,2024-01-24,22967.0,Crédito,Entretenimiento,Comercio_016,True
TX00058,150,2024-12-27,12640.0,Crédito,Entretenimiento,Comercio_039,True
TX00059,74,2025-07-03,2540.0,Débito,Viaje,Comercio_009,True
TX00060,187,2025-01-09,191082.0,Crédito,Supermercado,Comercio_026,True
TX00061,146,2025-07-29,49066.0,Transferencia,Ropa,Comercio_005,True
TX00062,130,2025-04-06,191219.0,Crédito,Farmacia,Comercio_009,True
TX00063,101,2025-01-17,198827.0,Crédito,Electrónica,Comercio_049,True
TX00064,51,2025-09-08,127526.0,Transferencia,Supermercado,Comercio_003,True
TX00065,36,2025-12-31,83594.0,Crédito,Entretenimiento,Comercio_010,False
TX00066,132,2024-05-23,82327.0,Transferencia,Electrónica,Comercio_011,True
TX00067,158,2026-01-27,210729.0,Transferencia,Electrónica,Comercio_033,False
TX00068,137,2025-05-16,177331.0,Crédito,Entretenimiento,Comercio_002,True
TX00069,85,2025-11-20,27846.0,Crédito,Ropa,Comercio_047,True
TX00070,153,2025-04-30,66750.0,Transferencia,Restaurante,Comercio_047,True
TX00071,150,2025-05-06,43043.0,Transferencia,Viaje,Comercio_010,True
TX00072,9,2025-08-09,237077.0,Débito,Restaurante,Comercio_002,True
TX00073,81,2025-03-04,38282.0,Transferencia,Restaurante,Comercio_027,False
TX00074,199,2025-09-18,230170.0,Transferencia,Supermercado,Comercio_046,True
TX00075,133,2024-07-31,140441.0,Transferencia,Entretenimiento,Comercio_034,True
TX00076,81,2024-06-26,115186.0,Transferencia,Electrónica,Comercio_035,True
TX00077,174,2026-03-01,216980.0,Transferencia,Ropa,Comercio_040,True
TX00078,50,2024-09-09,70112.0,Crédito,Restaurante,Comercio_020,True
TX00079,181,2024-07-31,172715.0,Crédito,Electrónica,Comercio_031,True
TX00080,144,2026-03-25,180555.0,Crédito,Farmacia,Comercio_037,False
TX00081,98,2025-02-08,204685.0,Débito,Ropa,Comercio_003,True
TX00082,183,2024-03-21,86918.0,Crédito,Ropa,Comercio_048,True
TX00083,55,2024-07-25,207074.0,Crédito,Ropa,Comercio_009,True
TX00084,158,2026-01-28,146914.0,Débito,Supermercado,Comercio_043,False
TX00085,58,2025-10-15,58593.0,Débito,Viaje,Comercio_022,True
TX00086,26,2025-11-28,192806.0,Débito,Combustible,Comercio_027,True
TX00087,123,2025-10-28,50264.0,Crédito,Electrónica,Comercio_019,True
TX00088,197,2024-04-01,163249.0,Débito,Supermercado,Comercio_012,True
TX00089,46,2024-02-07,249294.0,Crédito,Entretenimiento,Comercio_012,True
TX00090,10,2024-01-10,74949.0,Transferencia,Farmacia,Comercio_022,True
TX00091,117,2025-10-18,136053.0,Crédito,Combustible,Comercio_033,True
TX00092,70,2024-07-16,202299.0,Crédito,Combustible,Comercio_047,True
TX00093,166,2024-09-20,179790.0,Débito,Electrónica,Comercio_019,False
TX00094,173,2026-02-14,48694.0,Transferencia,Viaje,Comercio_028,False
TX00095,84,2024-03-29,100508.0,Débito,Combustible,Comercio_009,True
TX00096,83,2024-09-11,2204.0,Crédito,Restaurante,Comercio_029,True
TX00097,85,2024-11-05,145824.0,Transferencia,Supermercado,Comercio_017,True
TX00098,178,2024-08-29,16000.0,Débito,Entretenimiento,Comercio_020,True
TX00099,104,2025-12-03,125879.0,Transferencia,Ropa,Comercio_045,True
TX00100,164,2024-10-29,92202.0,Débito,Restaurante,Comercio_009,True
TX00101,40,2025-04-10,187060.0,Transferencia,Electrónica,Comercio_027,False
TX00102,121,2026-02-14,134611.0,Transferencia,Restaurante,Comercio_049,True
TX00103,175,2026-02-11,149156.0,Débito,Entretenimiento,Comercio_034,True
TX00104,20,2025-07-31,28496.0,Transferencia,Restaurante,Comercio_037,False
TX00105,39,2024-06-17,82365.0,Transferencia,Entretenimiento,Comercio_008,True
TX00106,184,2025-08-20,122463.0,Transferencia,Entretenimiento,Comercio_004,True
TX00107,34,2025-06-09,104148.0,Transferencia,Supermercado,Comercio_036,True
TX00108,173,2026-04-06,77388.0,Débito,Viaje,Comercio_017,True
TX00109,191,2024-08-11,144789.0,Débito,Viaje,Comercio_023,True
TX00110,139,2024-03-02,233678.0,Débito,Entretenimiento,Comercio_003,True
TX00111,105,2024-07-03,192359.0,Transferencia,Viaje,Comercio_024,True
TX00112,115,2025-01-21,94224.0,Transferencia,Combustible,Comercio_042,True
TX00113,31,2024-07-01,248215.0,Crédito,Combustible,Comercio_047,True
TX00114,1,2026-02-13,6172.0,Crédito,Entretenimiento,Comercio_044,False
TX00115,109,2025-06-28,95129.0,Débito,Restaurante,Comercio_030,True
TX00116,40,2024-10-09,47526.0,Transferencia,Farmacia,Comercio_003,True
TX00117,158,2026-02-23,234091.0,Débito,Restaurante,Comercio_014,True
TX00118,26,2025-08-31,8877.0,Transferencia,Supermercado,Comercio_016,True
TX00119,103,2025-03-25,58968.0,Débito,Supermercado,Comercio_009,False
TX00120,75,2024-08-27,204039.0,Transferencia,Electrónica,Comercio_037,False
TX00121,198,2025-11-19,204686.0,Débito,Ropa,Comercio_010,False
TX00122,57,2025-02-27,75475.0,Débito,Combustible,Comercio_041,True
TX00123,143,2025-05-22,12198.0,Crédito,Viaje,Comercio_034,True
TX00124,179,2025-03-02,102361.0,Crédito,Viaje,Comercio_012,False
TX00125,122,2024-09-03,212411.0,Crédito,Combustible,Comercio_030,True
TX00126,144,2025-02-26,241963.0,Transferencia,Combustible,Comercio_025,True
TX00127,66,2024-07-27,82901.0,Débito,Entretenimiento,Comercio_024,True
TX00128,138,2026-01-11,207437.0,Débito,Ropa,Comercio_025,False
TX00129,155,2024-02-10,218468.0,Débito,Restaurante,Comercio_031,True
TX00130,86,2024-11-06,239276.0,Débito,Restaurante,Comercio_013,True
TX00131,192,2026-02-11,119991.0,Débito,Restaurante,Comercio_026,True
TX00132,142,2024-11-25,193991.0,Crédito,Entretenimiento,Comercio_035,True
TX00133,79,2024-09-24,90231.0,Crédito,Entretenimiento,Comercio_007,True
TX00134,195,2026-05-09,80398.0,Débito,Electrónica,Comercio_021,True
TX00135,12,2025-07-30,216089.0,Transferencia,Combustible,Comercio_002,True
TX00136,142,2025-08-21,144996.0,Crédito,Ropa,Comercio_010,True
TX00137,85,2024-08-23,95270.0,Débito,Entretenimiento,Comercio_036,True
TX00138,66,2026-02-20,205487.0,Transferencia,Entretenimiento,Comercio_030,True
TX00139,188,2026-03-25,88368.0,Débito,Entretenimiento,Comercio_012,False
TX00140,165,2024-03-01,131224.0,Débito,Supermercado,Comercio_049,True
TX00141,106,2024-05-20,210715.0,Débito,Farmacia,Comercio_046,True
TX00142,3,2024-08-11,126680.0,Crédito,Supermercado,Comercio_040,False
TX00143,124,2025-11-06,122220.0,Débito,Viaje,Comercio_001,True
TX00144,136,2026-01-09,69048.0,Crédito,Supermercado,Comercio_033,True
TX00145,46,2024-04-19,229553.0,Transferencia,Combustible,Comercio_016,True
TX00146,159,2025-06-23,63478.0,Crédito,Ropa,Comercio_026,True
TX00147,96,2025-02-19,115020.0,Débito,Restaurante,Comercio_020,True
TX00148,168,2026-05-28,162649.0,Débito,Farmacia,Comercio_026,True
TX00149,97,2025-07-19,119263.0,Transferencia,Supermercado,Comercio_045,True
TX00150,22,2025-05-26,211410.0,Transferencia,Electrónica,Comercio_037,True
TX00151,136,2024-02-13,57827.0,Transferencia,Entretenimiento,Comercio_018,True
TX00152,20,2025-12-01,231433.0,Transferencia,Supermercado,Comercio_012,True
TX00153,5,2024-07-31,146966.0,Transferencia,Viaje,Comercio_005,True
TX00154,42,2025-07-31,60498.0,Crédito,Electrónica,Comercio_025,True
TX00155,177,2026-01-11,20068.0,Transferencia,Electrónica,Comercio_004,True
TX00156,112,2024-08-25,209749.0,Crédito,Viaje,Comercio_050,True
TX00157,8,2025-10-11,68695.0,Crédito,Entretenimiento,Comercio_015,True
TX00158,142,2025-01-19,108246.0,Transferencia,Viaje,Comercio_006,False
TX00159,76,2026-03-28,61989.0,Débito,Farmacia,Comercio_018,True
TX00160,98,2025-12-29,196081.0,Débito,Viaje,Comercio_021,True
TX00161,28,2024-04-03,1796.0,Crédito,Entretenimiento,Comercio_024,True
TX00162,27,2024-05-15,22281.0,Crédito,Entretenimiento,Comercio_036,False
TX00163,132,2025-02-21,26272.0,Débito,Electrónica,Comercio_036,True
TX00164,153,2025-09-04,196217.0,Crédito,Supermercado,Comercio_019,True
TX00165,100,2026-03-08,21633.0,Transferencia,Restaurante,Comercio_037,False
TX00166,44,2025-12-02,95493.0,Débito,Ropa,Comercio_020,True
TX00167,127,2024-05-29,16285.0,Crédito,Ropa,Comercio_027,True
TX00168,124,2026-03-12,19692.0,Crédito,Restaurante,Comercio_047,True
TX00169,153,2025-09-23,49289.0,Débito,Combustible,Comercio_020,True
TX00170,102,2024-12-06,210483.0,Crédito,Electrónica,Comercio_029,True
TX00171,111,2026-04-15,205972.0,Transferencia,Combustible,Comercio_020,True
TX00172,155,2025-12-12,50612.0,Crédito,Combustible,Comercio_026,True
TX00173,75,2026-01-22,173892.0,Crédito,Restaurante,Comercio_021,True
TX00174,72,2026-04-16,196574.0,Crédito,Farmacia,Comercio_037,True
TX00175,152,2025-07-12,45392.0,Transferencia,Supermercado,Comercio_047,True
TX00176,182,2024-08-02,109895.0,Crédito,Farmacia,Comercio_027,True
TX00177,36,2025-10-10,76057.0,Crédito,Combustible,Comercio_046,True
TX00178,97,2024-03-16,112542.0,Transferencia,Entretenimiento,Comercio_038,True
TX00179,137,2025-06-02,230912.0,Transferencia,Viaje,Comercio_035,True
TX00180,93,2025-12-19,223928.0,Transferencia,Farmacia,Comercio_007,True
TX00181,169,2025-11-11,89075.0,Transferencia,Supermercado,Comercio_037,True
TX00182,193,2024-12-05,241446.0,Crédito,Farmacia,Comercio_001,True
TX00183,67,2024-08-15,127914.0,Transferencia,Restaurante,Comercio_029,True
TX00184,101,2025-04-19,193199.0,Transferencia,Combustible,Comercio_023,True
TX00185,124,2024-04-17,74210.0,Débito,Farmacia,Comercio_047,True
TX00186,90,2024-11-15,86095.0,Débito,Entretenimiento,Comercio_023,True
TX00187,25,2025-03-24,180637.0,Crédito,Electrónica,Comercio_005,True
TX00188,12,2026-04-09,177839.0,Débito,Electrónica,Comercio_042,True
TX00189,174,2026-03-30,41506.0,Transferencia,Restaurante,Comercio_034,True
TX00190,142,2024-06-12,83082.0,Crédito,Entretenimiento,Comercio_015,True
TX00191,162,2024-07-07,47004.0,Transferencia,Viaje,Comercio_026,True
TX00192,189,2025-09-20,220833.0,Crédito,Viaje,Comercio_025,True
TX00193,181,2024-08-07,51843.0,Transferencia,Farmacia,Comercio_037,True
TX00194,138,2024-07-10,91765.0,Débito,Entretenimiento,Comercio_008,True
TX00195,172,2025-05-16,132165.0,Transferencia,Electrónica,Comercio_039,True
TX00196,157,2025-02-05,146958.0,Crédito,Electrónica,Comercio_030,False
TX00197,45,2026-04-13,168560.0,Crédito,Farmacia,Comercio_044,True
TX00198,81,2024-04-30,60024.0,Débito,Combustible,Comercio_024,True
TX00199,131,2025-02-01,104851.0,Débito,Viaje,Comercio_028,True
TX00200,125,2025-10-12,134576.0,Transferencia,Combustible,Comercio_036,True
TX00201,126,2024-10-22,35504.0,Crédito,Entretenimiento,Comercio_040,True
TX00202,92,2024-01-10,121410.0,Débito,Viaje,Comercio_036,False
TX00203,168,2025-05-21,102579.0,Crédito,Viaje,Comercio_046,True
TX00204,126,2024-06-20,21126.0,Débito,Restaurante,Comercio_019,True
TX00205,71,2024-08-18,134633.0,Débito,Entretenimiento,Comercio_037,True
TX00206,141,2025-06-07,28746.0,Débito,Ropa,Comercio_050,False
TX00207,94,2025-07-09,205741.0,Débito,Entretenimiento,Comercio_035,True
TX00208,109,2024-04-14,184129.0,Transferencia,Restaurante,Comercio_020,True
TX00209,116,2024-09-26,87470.0,Débito,Entretenimiento,Comercio_008,True
TX00210,54,2026-04-10,184534.0,Transferencia,Electrónica,Comercio_046,False
TX00211,162,2025-03-14,41912.0,Débito,Restaurante,Comercio_014,True
TX00212,146,2024-12-25,133304.0,Transferencia,Combustible,Comercio_021,True
TX00213,75,2025-08-09,67202.0,Transferencia,Farmacia,Comercio_009,True
TX00214,16,2024-10-10,216828.0,Débito,Combustible,Comercio_016,True
TX00215,183,2024-11-25,207206.0,Transferencia,Viaje,Comercio_032,True
TX00216,148,2025-10-09,67545.0,Crédito,Viaje,Comercio_029,True
TX00217,163,2026-03-24,220091.0,Débito,Viaje,Comercio_033,True
TX00218,178,2025-01-12,113947.0,Crédito,Electrónica,Comercio_038,True
TX00219,199,2026-05-17,183315.0,Transferencia,Entretenimiento,Comercio_041,True
TX00220,17,2026-03-25,133839.0,Débito,Viaje,Comercio_014,True
TX00221,69,2024-11-26,207172.0,Crédito,Combustible,Comercio_037,True
TX00222,88,2025-11-29,190682.0,Débito,Farmacia,Comercio_041,True
TX00223,5,2024-05-07,232394.0,Débito,Entretenimiento,Comercio_030,True
TX00224,110,2024-07-26,248926.0,Débito,Ropa,Comercio_011,True
TX00225,24,2025-11-01,90429.0,Débito,Electrónica,Comercio_043,True
TX00226,14,2025-02-09,156588.0,Transferencia,Restaurante,Comercio_028,True
TX00227,181,2024-04-07,771.0,Crédito,Farmacia,Comercio_009,False
TX00228,58,2025-06-15,170156.0,Débito,Supermercado,Comercio_045,True
TX00229,31,2026-05-30,105867.0,Débito,Entretenimiento,Comercio_005,True
TX00230,99,2024-04-01,182825.0,Débito,Farmacia,Comercio_021,True
TX00231,77,2024-05-20,95989.0,Débito,Combustible,Comercio_005,False
TX00232,145,2024-01-09,152775.0,Débito,Entretenimiento,Comercio_023,True
TX00233,161,2026-02-05,38268.0,Crédito,Entretenimiento,Comercio_014,True
TX00234,26,2024-05-23,188235.0,Transferencia,Viaje,Comercio_023,True
TX00235,81,2026-03-21,35388.0,Crédito,Farmacia,Comercio_016,False
TX00236,154,2025-09-06,180434.0,Crédito,Supermercado,Comercio_043,True
TX00237,53,2025-06-14,151928.0,Débito,Viaje,Comercio_019,True
TX00238,62,2025-05-21,96778.0,Débito,Entretenimiento,Comercio_041,False
TX00239,19,2025-06-24,222237.0,Débito,Electrónica,Comercio_021,True
TX00240,100,2026-05-31,209824.0,Crédito,Electrónica,Comercio_035,True
TX00241,196,2025-04-27,238636.0,Débito,Supermercado,Comercio_038,True
TX00242,4,2024-09-25,54328.0,Débito,Viaje,Comercio_033,True
TX00243,161,2025-12-30,125512.0,Crédito,Viaje,Comercio_045,True
TX00244,22,2025-10-17,134373.0,Transferencia,Combustible,Comercio_018,True
TX00245,80,2024-03-21,128071.0,Débito,Combustible,Comercio_035,True
TX00246,101,2025-08-23,158756.0,Transferencia,Farmacia,Comercio_020,True
TX00247,187,2026-05-16,60040.0,Débito,Farmacia,Comercio_028,True
TX00248,117,2025-09-18,152404.0,Crédito,Combustible,Comercio_008,True
TX00249,182,2024-05-20,175524.0,Débito,Entretenimiento,Comercio_023,False
TX00250,133,2026-03-12,205715.0,Crédito,Combustible,Comercio_024,True
TX00251,192,2026-03-10,218428.0,Transferencia,Farmacia,Comercio_050,True
TX00252,86,2026-04-06,107616.0,Transferencia,Farmacia,Comercio_017,False
TX00253,161,2024-03-19,124289.0,Transferencia,Electrónica,Comercio_004,True
TX00254,146,2024-06-19,92238.0,Crédito,Farmacia,Comercio_037,True
TX00255,59,2026-01-28,127452.0,Débito,Supermercado,Comercio_016,True
TX00256,121,2025-01-07,96053.0,Débito,Combustible,Comercio_003,False
TX00257,183,2026-01-28,164098.0,Débito,Electrónica,Comercio_016,True
TX00258,185,2024-11-23,68179.0,Débito,Electrónica,Comercio_008,False
TX00259,173,2024-02-23,45246.0,Transferencia,Supermercado,Comercio_026,True
TX00260,120,2024-10-16,193495.0,Crédito,Electrónica,Comercio_006,False
TX00261,117,2024-01-09,92545.0,Crédito,Ropa,Comercio_048,False
TX00262,63,2025-04-20,92384.0,Crédito,Restaurante,Comercio_047,False
TX00263,195,2026-03-26,61659.0,Débito,Viaje,Comercio_002,True
TX00264,139,2024-12-20,159167.0,Transferencia,Supermercado,Comercio_022,True
TX00265,195,2025-11-04,94381.0,Transferencia,Ropa,Comercio_007,True
TX00266,136,2024-08-31,105244.0,Débito,Combustible,Comercio_046,True
TX00267,24,2024-02-14,230358.0,Transferencia,Viaje,Comercio_045,True
TX00268,118,2026-02-04,21683.0,Débito,Combustible,Comercio_041,True
TX00269,20,2025-08-29,142171.0,Crédito,Combustible,Comercio_016,True
TX00270,67,2026-05-21,79095.0,Crédito,Electrónica,Comercio_021,True
TX00271,70,2024-08-27,19135.0,Débito,Combustible,Comercio_050,False
TX00272,28,2024-06-08,26862.0,Crédito,Entretenimiento,Comercio_021,True
TX00273,31,2025-07-02,89893.0,Débito,Entretenimiento,Comercio_020,True
TX00274,68,2026-05-22,30418.0,Débito,Ropa,Comercio_046,False
TX00275,11,2024-08-08,209063.0,Crédito,Combustible,Comercio_006,True
TX00276,92,2025-02-09,128608.0,Transferencia,Ropa,Comercio_017,True
TX00277,8,2025-02-18,213723.0,Transferencia,Restaurante,Comercio_007,True
TX00278,27,2026-04-03,198556.0,Débito,Supermercado,Comercio_004,True
TX00279,34,2024-07-21,206007.0,Crédito,Farmacia,Comercio_038,False
TX00280,67,2026-04-12,19209.0,Débito,Restaurante,Comercio_042,True
TX00281,33,2024-04-04,226317.0,Crédito,Farmacia,Comercio_003,True
TX00282,13,2024-06-21,231071.0,Crédito,Viaje,Comercio_032,True
TX00283,98,2025-11-30,106953.0,Crédito,Restaurante,Comercio_012,True
TX00284,72,2025-04-01,220914.0,Débito,Restaurante,Comercio_042,True
TX00285,128,2025-02-25,220753.0,Crédito,Supermercado,Comercio_006,True
TX00286,99,2024-05-20,105099.0,Transferencia,Restaurante,Comercio_041,False
TX00287,5,2025-01-26,195588.0,Crédito,Entretenimiento,Comercio_035,True
TX00288,89,2025-08-02,125847.0,Crédito,Ropa,Comercio_012,True
TX00289,82,2025-09-03,55146.0,Crédito,Supermercado,Comercio_031,False
TX00290,92,2026-02-24,146205.0,Débito,Combustible,Comercio_007,True
TX00291,169,2024-09-03,66998.0,Transferencia,Supermercado,Comercio_049,True
TX00292,148,2026-05-16,245675.0,Crédito,Electrónica,Comercio_012,True
TX00293,61,2025-08-29,79842.0,Transferencia,Electrónica,Comercio_038,True
TX00294,181,2025-12-18,88245.0,Transferencia,Combustible,Comercio_037,True
TX00295,127,2025-07-09,77609.0,Crédito,Supermercado,Comercio_006,True
TX00296,60,2025-09-08,55093.0,Transferencia,Entretenimiento,Comercio_001,True
TX00297,158,2024-07-25,201708.0,Crédito,Combustible,Comercio_021,True
TX00298,6,2024-05-31,146859.0,Débito,Farmacia,Comercio_034,True
TX00299,19,2025-01-17,176282.0,Transferencia,Viaje,Comercio_038,True
TX00300,87,2024-11-05,80989.0,Débito,Viaje,Comercio_041,True
TX00301,167,2024-11-20,43964.0,Transferencia,Electrónica,Comercio_015,False
TX00302,45,2025-01-22,77052.0,Transferencia,Ropa,Comercio_009,True
TX00303,187,2024-01-02,237223.0,Transferencia,Viaje,Comercio_050,False
TX00304,9,2024-07-05,150796.0,Transferencia,Restaurante,Comercio_041,False
TX00305,27,2025-05-23,35591.0,Transferencia,Farmacia,Comercio_016,True
TX00306,82,2024-06-20,159229.0,Débito,Electrónica,Comercio_029,True
TX00307,68,2024-08-02,62760.0,Débito,Electrónica,Comercio_017,True
TX00308,185,2024-01-02,12513.0,Crédito,Viaje,Comercio_011,True
TX00309,127,2025-01-22,88132.0,Crédito,Farmacia,Comercio_031,False
TX00310,167,2026-02-15,171947.0,Débito,Entretenimiento,Comercio_005,True
TX00311,76,2024-01-21,80020.0,Débito,Farmacia,Comercio_022,True
TX00312,97,2024-06-13,183130.0,Transferencia,Farmacia,Comercio_022,False
TX00313,158,2025-05-09,176274.0,Crédito,Combustible,Comercio_039,True
TX00314,41,2024-02-24,25764.0,Débito,Restaurante,Comercio_027,False
TX00315,185,2026-01-17,135261.0,Transferencia,Ropa,Comercio_020,True
TX00316,25,2024-02-20,98529.0,Transferencia,Entretenimiento,Comercio_010,True
TX00317,93,2024-01-04,107188.0,Crédito,Entretenimiento,Comercio_013,True
TX00318,7,2024-07-30,43123.0,Crédito,Farmacia,Comercio_031,True
TX00319,79,2026-03-14,99668.0,Crédito,Ropa,Comercio_006,False
TX00320,100,2024-07-08,93070.0,Crédito,Electrónica,Comercio_012,True
TX00321,12,2024-09-26,110215.0,Crédito,Restaurante,Comercio_018,False
TX00322,16,2024-06-03,188183.0,Transferencia,Farmacia,Comercio_006,True
TX00323,139,2025-02-27,242691.0,Transferencia,Restaurante,Comercio_036,True
TX00324,100,2026-04-18,130884.0,Transferencia,Entretenimiento,Comercio_037,True
TX00325,122,2024-11-02,20199.0,Transferencia,Supermercado,Comercio_033,False
TX00326,133,2026-03-30,143086.0,Transferencia,Combustible,Comercio_008,True
TX00327,45,2024-06-20,243055.0,Débito,Combustible,Comercio_003,True
TX00328,21,2025-11-30,109131.0,Transferencia,Combustible,Comercio_039,True
TX00329,82,2026-01-14,228586.0,Débito,Farmacia,Comercio_025,False
TX00330,102,2025-07-19,81869.0,Crédito,Entretenimiento,Comercio_001,False
TX00331,151,2025-06-19,195531.0,Débito,Viaje,Comercio_010,True
TX00332,146,2025-08-25,145878.0,Débito,Farmacia,Comercio_037,True
TX00333,74,2025-07-02,220094.0,Crédito,Ropa,Comercio_025,True
TX00334,147,2025-09-15,118525.0,Débito,Ropa,Comercio_026,True
TX00335,159,2025-09-15,170363.0,Crédito,Supermercado,Comercio_026,True
TX00336,177,2024-08-31,12798.0,Crédito,Ropa,Comercio_024,True
TX00337,87,2026-04-17,198516.0,Crédito,Ropa,Comercio_032,True
TX00338,59,2024-05-17,75470.0,Transferencia,Entretenimiento,Comercio_050,True
TX00339,69,2026-01-16,104485.0,Transferencia,Farmacia,Comercio_013,True
TX00340,55,2026-04-23,102089.0,Crédito,Electrónica,Comercio_004,False
TX00341,41,2024-03-08,78125.0,Transferencia,Viaje,Comercio_009,False
TX00342,146,2024-01-30,43847.0,Débito,Supermercado,Comercio_016,True
TX00343,117,2024-02-21,229549.0,Transferencia,Restaurante,Comercio_018,True
TX00344,119,2025-06-01,99537.0,Débito,Supermercado,Comercio_016,True
TX00345,126,2025-08-31,111803.0,Crédito,Electrónica,Comercio_023,True
TX00346,67,2026-02-05,207802.0,Débito,Ropa,Comercio_002,True
TX00347,13,2024-06-15,213528.0,Débito,Restaurante,Comercio_042,True
TX00348,174,2024-07-30,67636.0,Crédito,Supermercado,Comercio_050,True
TX00349,122,2024-05-15,162019.0,Transferencia,Supermercado,Comercio_015,True
TX00350,156,2026-04-04,235780.0,Transferencia,Ropa,Comercio_028,True
TX00351,90,2025-04-15,63374.0,Crédito,Ropa,Comercio_044,False
TX00352,160,2025-02-10,146330.0,Débito,Electrónica,Comercio_036,False
TX00353,156,2024-10-16,74970.0,Débito,Entretenimiento,Comercio_005,True
TX00354,71,2025-10-17,81622.0,Crédito,Ropa,Comercio_042,True
TX00355,49,2024-06-02,129565.0,Débito,Supermercado,Comercio_039,True
TX00356,170,2024-11-23,170349.0,Transferencia,Supermercado,Comercio_042,True
TX00357,76,2024-09-22,226774.0,Crédito,Viaje,Comercio_048,True
TX00358,150,2025-12-26,248691.0,Débito,Electrónica,Comercio_047,True
TX00359,176,2025-07-01,159759.0,Crédito,Electrónica,Comercio_033,True
TX00360,44,2026-05-10,164575.0,Transferencia,Combustible,Comercio_019,True
TX00361,121,2024-05-11,185359.0,Transferencia,Combustible,Comercio_044,True
TX00362,168,2024-04-01,55952.0,Débito,Ropa,Comercio_027,True
TX00363,96,2024-09-23,146600.0,Crédito,Farmacia,Comercio_031,True
TX00364,163,2025-08-20,145288.0,Transferencia,Farmacia,Comercio_031,True
TX00365,129,2024-05-02,216941.0,Crédito,Ropa,Comercio_027,True
TX00366,39,2024-05-20,248091.0,Crédito,Viaje,Comercio_037,True
TX00367,37,2024-11-19,215667.0,Débito,Farmacia,Comercio_032,True
TX00368,162,2024-06-30,78697.0,Débito,Supermercado,Comercio_029,True
TX00369,54,2026-02-18,193499.0,Transferencia,Combustible,Comercio_032,True
TX00370,34,2025-09-21,108711.0,Crédito,Viaje,Comercio_028,True
TX00371,99,2024-01-05,9912.0,Débito,Electrónica,Comercio_001,True
TX00372,194,2026-05-03,132993.0,Débito,Supermercado,Comercio_041,True
TX00373,58,2025-12-11,219308.0,Crédito,Combustible,Comercio_007,True
TX00374,129,2025-08-25,76876.0,Débito,Supermercado,Comercio_020,True
TX00375,117,2026-01-15,130312.0,Transferencia,Electrónica,Comercio_028,True
TX00376,88,2025-05-16,90133.0,Débito,Combustible,Comercio_026,True
TX00377,59,2024-08-17,181929.0,Débito,Restaurante,Comercio_047,True
TX00378,151,2025-05-31,42662.0,Crédito,Supermercado,Comercio_025,True
TX00379,198,2025-07-01,155972.0,Transferencia,Supermercado,Comercio_043,True
TX00380,168,2026-05-06,5426.0,Transferencia,Farmacia,Comercio_027,True
TX00381,98,2024-05-06,137047.0,Crédito,Combustible,Comercio_014,True
TX00382,78,2025-03-06,165585.0,Transferencia,Ropa,Comercio_040,False
TX00383,180,2024-05-20,104997.0,Débito,Farmacia,Comercio_019,True
TX00384,28,2025-05-24,50062.0,Débito,Ropa,Comercio_034,True
TX00385,92,2025-12-21,102734.0,Débito,Supermercado,Comercio_036,True
TX00386,54,2025-12-05,233315.0,Crédito,Restaurante,Comercio_001,True
TX00387,172,2024-04-01,226767.0,Transferencia,Entretenimiento,Comercio_010,True
TX00388,200,2025-06-07,19225.0,Transferencia,Farmacia,Comercio_017,True
TX00389,117,2024-10-30,66399.0,Débito,Farmacia,Comercio_012,True
TX00390,75,2025-01-03,200498.0,Crédito,Viaje,Comercio_048,True
TX00391,25,2026-05-21,189672.0,Débito,Supermercado,Comercio_009,True
TX00392,85,2025-01-01,223685.0,Transferencia,Ropa,Comercio_047,True
TX00393,96,2026-04-14,86009.0,Débito,Viaje,Comercio_026,True
TX00394,70,2026-05-05,96736.0,Crédito,Viaje,Comercio_042,True
TX00395,29,2024-05-15,174194.0,Débito,Combustible,Comercio_007,True
TX00396,152,2025-05-09,200665.0,Transferencia,Entretenimiento,Comercio_012,False
TX00397,98,2026-03-08,89970.0,Débito,Combustible,Comercio_031,True
TX00398,29,2025-02-25,110452.0,Débito,Ropa,Comercio_042,True
TX00399,4,2025-12-22,217149.0,Transferencia,Restaurante,Comercio_043,True
TX00400,133,2025-06-19,172216.0,Transferencia,Farmacia,Comercio_028,True
TX00401,124,2024-12-20,166096.0,Transferencia,Viaje,Comercio_010,False
TX00402,157,2024-02-25,3405.0,Débito,Entretenimiento,Comercio_032,True
TX00403,20,2026-02-08,123166.0,Débito,Electrónica,Comercio_018,True
TX00404,130,2024-08-16,137849.0,Crédito,Viaje,Comercio_016,True
TX00405,118,2025-03-30,200415.0,Crédito,Farmacia,Comercio_032,True
TX00406,81,2024-05-01,245177.0,Transferencia,Supermercado,Comercio_007,True
TX00407,106,2024-02-06,139504.0,Débito,Farmacia,Comercio_039,False
TX00408,164,2024-11-07,222583.0,Transferencia,Restaurante,Comercio_042,True
TX00409,88,2025-01-07,206415.0,Débito,Entretenimiento,Comercio_022,False
TX00410,197,2025-09-26,150188.0,Transferencia,Electrónica,Comercio_046,True
TX00411,30,2024-04-09,189950.0,Débito,Supermercado,Comercio_022,True
TX00412,163,2026-03-30,73350.0,Transferencia,Electrónica,Comercio_045,True
TX00413,12,2024-06-17,123359.0,Transferencia,Viaje,Comercio_007,True
TX00414,157,2024-07-19,47292.0,Crédito,Restaurante,Comercio_030,True
TX00415,184,2024-12-12,27388.0,Crédito,Supermercado,Comercio_041,False
TX00416,32,2026-03-01,222993.0,Crédito,Combustible,Comercio_032,True
TX00417,136,2026-01-23,12619.0,Crédito,Entretenimiento,Comercio_033,True
TX00418,178,2025-08-15,43826.0,Débito,Farmacia,Comercio_025,False
TX00419,156,2024-11-25,126275.0,Crédito,Viaje,Comercio_039,True
TX00420,71,2025-02-11,240917.0,Crédito,Entretenimiento,Comercio_009,True
TX00421,106,2025-09-08,175154.0,Transferencia,Ropa,Comercio_045,False
TX00422,81,2025-12-29,184336.0,Transferencia,Restaurante,Comercio_013,True
TX00423,160,2026-01-01,73000.0,Crédito,Combustible,Comercio_046,True
TX00424,129,2025-07-09,173731.0,Crédito,Farmacia,Comercio_049,True
TX00425,144,2025-05-06,145910.0,Transferencia,Viaje,Comercio_044,False
TX00426,74,2026-05-17,105885.0,Débito,Farmacia,Comercio_002,True
TX00427,38,2024-02-24,167728.0,Débito,Ropa,Comercio_049,True
TX00428,74,2025-11-30,63015.0,Débito,Ropa,Comercio_014,False
TX00429,9,2025-01-02,203600.0,Débito,Restaurante,Comercio_048,False
TX00430,100,2024-08-31,127975.0,Transferencia,Ropa,Comercio_045,True
TX00431,98,2025-01-31,104433.0,Transferencia,Electrónica,Comercio_036,True
TX00432,4,2026-01-31,63210.0,Transferencia,Entretenimiento,Comercio_015,True
TX00433,194,2025-08-25,136880.0,Transferencia,Restaurante,Comercio_050,True
TX00434,76,2025-04-04,44768.0,Transferencia,Farmacia,Comercio_012,True
TX00435,189,2025-06-10,30279.0,Débito,Viaje,Comercio_018,False
TX00436,68,2024-05-13,40652.0,Crédito,Supermercado,Comercio_022,True
TX00437,182,2024-06-07,10465.0,Crédito,Supermercado,Comercio_050,False
TX00438,170,2024-11-04,122892.0,Transferencia,Electrónica,Comercio_005,True
TX00439,135,2024-08-13,239268.0,Transferencia,Farmacia,Comercio_033,True
TX00440,107,2025-07-10,134490.0,Débito,Electrónica,Comercio_015,True
TX00441,170,2024-12-05,83101.0,Crédito,Restaurante,Comercio_049,False
TX00442,136,2025-05-01,249159.0,Transferencia,Supermercado,Comercio_008,True
TX00443,115,2024-09-03,226172.0,Transferencia,Restaurante,Comercio_003,True
TX00444,98,2026-03-26,236274.0,Crédito,Ropa,Comercio_035,True
TX00445,7,2025-06-13,205616.0,Crédito,Entretenimiento,Comercio_032,True
TX00446,76,2025-10-29,48532.0,Transferencia,Farmacia,Comercio_007,True
TX00447,198,2025-07-04,133535.0,Transferencia,Farmacia,Comercio_014,True
TX00448,176,2025-03-10,208998.0,Débito,Viaje,Comercio_042,True
TX00449,192,2025-12-03,38862.0,Crédito,Electrónica,Comercio_003,True
TX00450,19,2024-02-25,44909.0,Crédito,Farmacia,Comercio_037,True
TX00451,67,2025-02-21,97314.0,Transferencia,Viaje,Comercio_028,True
TX00452,5,2025-02-02,168488.0,Transferencia,Supermercado,Comercio_042,False
TX00453,17,2026-02-13,186615.0,Débito,Farmacia,Comercio_023,False
TX00454,28,2024-10-23,196830.0,Crédito,Farmacia,Comercio_019,True
TX00455,98,2025-02-08,205620.0,Débito,Entretenimiento,Comercio_011,False
TX00456,57,2024-05-19,186815.0,Transferencia,Ropa,Comercio_041,True
TX00457,77,2025-11-24,221801.0,Transferencia,Electrónica,Comercio_001,False
TX00458,143,2024-05-24,31247.0,Débito,Viaje,Comercio_035,False
TX00459,22,2024-11-08,52908.0,Transferencia,Electrónica,Comercio_014,True
TX00460,166,2026-05-21,128382.0,Débito,Combustible,Comercio_015,False
TX00461,65,2024-07-17,29098.0,Transferencia,Supermercado,Comercio_049,False
TX00462,119,2025-10-22,137641.0,Crédito,Farmacia,Comercio_017,True
TX00463,51,2026-01-13,145359.0,Crédito,Electrónica,Comercio_009,True
TX00464,26,2024-10-18,155069.0,Débito,Electrónica,Comercio_032,True
TX00465,85,2025-09-23,165026.0,Transferencia,Combustible,Comercio_037,False
TX00466,94,2026-04-07,79425.0,Crédito,Combustible,Comercio_001,True
TX00467,64,2026-03-15,55771.0,Transferencia,Viaje,Comercio_018,True
TX00468,35,2025-11-26,183377.0,Crédito,Entretenimiento,Comercio_029,True
TX00469,199,2024-11-08,121999.0,Débito,Combustible,Comercio_042,False
TX00470,21,2026-05-11,70514.0,Débito,Restaurante,Comercio_017,True
TX00471,187,2024-03-18,223080.0,Transferencia,Supermercado,Comercio_038,False
TX00472,104,2026-02-26,147714.0,Débito,Ropa,Comercio_035,False
TX00473,121,2025-10-31,193912.0,Crédito,Viaje,Comercio_015,False
TX00474,188,2026-05-27,73104.0,Crédito,Farmacia,Comercio_026,True
TX00475,129,2024-01-11,165838.0,Transferencia,Combustible,Comercio_049,False
TX00476,36,2025-04-01,40226.0,Transferencia,Combustible,Comercio_048,True
TX00477,92,2024-02-11,55095.0,Crédito,Restaurante,Comercio_005,True
TX00478,95,2024-08-27,11181.0,Débito,Electrónica,Comercio_025,True
TX00479,117,2024-02-17,10456.0,Transferencia,Electrónica,Comercio_007,False
TX00480,163,2026-04-29,68737.0,Transferencia,Ropa,Comercio_038,False
TX00481,146,2024-06-27,94477.0,Crédito,Electrónica,Comercio_038,True
TX00482,133,2024-09-14,94394.0,Débito,Viaje,Comercio_023,True
TX00483,125,2026-03-22,120786.0,Transferencia,Supermercado,Comercio_033,True
TX00484,113,2024-06-18,57883.0,Transferencia,Ropa,Comercio_014,True
TX00485,48,2024-06-10,90875.0,Transferencia,Farmacia,Comercio_043,True
TX00486,107,2026-04-10,82891.0,Débito,Entretenimiento,Comercio_044,True
TX00487,123,2024-08-03,147902.0,Transferencia,Viaje,Comercio_002,True
TX00488,12,2024-05-10,143585.0,Débito,Combustible,Comercio_041,False
TX00489,11,2025-08-09,37143.0,Débito,Ropa,Comercio_012,False
TX00490,104,2025-09-05,242326.0,Transferencia,Supermercado,Comercio_047,True
TX00491,22,2024-08-09,112576.0,Crédito,Entretenimiento,Comercio_011,True
TX00492,106,2025-09-07,36107.0,Transferencia,Combustible,Comercio_040,False
TX00493,68,2024-06-20,181185.0,Crédito,Entretenimiento,Comercio_039,False
TX00494,18,2024-08-23,94864.0,Débito,Farmacia,Comercio_002,True
TX00495,134,2026-05-30,227380.0,Transferencia,Viaje,Comercio_010,False
TX00496,25,2024-06-30,119229.0,Transferencia,Supermercado,Comercio_035,False
TX00497,193,2024-04-30,23751.0,Transferencia,Combustible,Comercio_039,False
TX00498,1,2026-03-04,169801.0,Crédito,Viaje,Comercio_024,True
TX00499,179,2025-06-26,107525.0,Crédito,Viaje,Comercio_023,False
TX00500,190,2026-02-18,209379.0,Transferencia,Farmacia,Comercio_028,True
